--
-- PostgreSQL database dump
--

-- Dumped from database version 16.4 (Ubuntu 16.4-0ubuntu0.24.04.2)
-- Dumped by pg_dump version 16.4 (Ubuntu 16.4-0ubuntu0.24.04.2)

SET statement_timeout = 0;
SET lock_timeout = 0;
SET idle_in_transaction_session_timeout = 0;
SET client_encoding = 'UTF8';
SET standard_conforming_strings = on;
SELECT pg_catalog.set_config('search_path', '', false);
SET check_function_bodies = false;
SET xmloption = content;
SET client_min_messages = warning;
SET row_security = off;

SET default_tablespace = '';

SET default_table_access_method = heap;

--
-- Name: auth_group; Type: TABLE; Schema: public; Owner: ra
--

CREATE TABLE public.auth_group (
    id integer NOT NULL,
    name character varying(150) NOT NULL
);


ALTER TABLE public.auth_group OWNER TO ra;

--
-- Name: auth_group_id_seq; Type: SEQUENCE; Schema: public; Owner: ra
--

ALTER TABLE public.auth_group ALTER COLUMN id ADD GENERATED BY DEFAULT AS IDENTITY (
    SEQUENCE NAME public.auth_group_id_seq
    START WITH 1
    INCREMENT BY 1
    NO MINVALUE
    NO MAXVALUE
    CACHE 1
);


--
-- Name: auth_group_permissions; Type: TABLE; Schema: public; Owner: ra
--

CREATE TABLE public.auth_group_permissions (
    id bigint NOT NULL,
    group_id integer NOT NULL,
    permission_id integer NOT NULL
);


ALTER TABLE public.auth_group_permissions OWNER TO ra;

--
-- Name: auth_group_permissions_id_seq; Type: SEQUENCE; Schema: public; Owner: ra
--

ALTER TABLE public.auth_group_permissions ALTER COLUMN id ADD GENERATED BY DEFAULT AS IDENTITY (
    SEQUENCE NAME public.auth_group_permissions_id_seq
    START WITH 1
    INCREMENT BY 1
    NO MINVALUE
    NO MAXVALUE
    CACHE 1
);


--
-- Name: auth_permission; Type: TABLE; Schema: public; Owner: ra
--

CREATE TABLE public.auth_permission (
    id integer NOT NULL,
    name character varying(255) NOT NULL,
    content_type_id integer NOT NULL,
    codename character varying(100) NOT NULL
);


ALTER TABLE public.auth_permission OWNER TO ra;

--
-- Name: auth_permission_id_seq; Type: SEQUENCE; Schema: public; Owner: ra
--

ALTER TABLE public.auth_permission ALTER COLUMN id ADD GENERATED BY DEFAULT AS IDENTITY (
    SEQUENCE NAME public.auth_permission_id_seq
    START WITH 1
    INCREMENT BY 1
    NO MINVALUE
    NO MAXVALUE
    CACHE 1
);


--
-- Name: auth_user; Type: TABLE; Schema: public; Owner: ra
--

CREATE TABLE public.auth_user (
    id integer NOT NULL,
    password character varying(128) NOT NULL,
    last_login timestamp with time zone,
    is_superuser boolean NOT NULL,
    username character varying(150) NOT NULL,
    first_name character varying(150) NOT NULL,
    last_name character varying(150) NOT NULL,
    email character varying(254) NOT NULL,
    is_staff boolean NOT NULL,
    is_active boolean NOT NULL,
    date_joined timestamp with time zone NOT NULL
);


ALTER TABLE public.auth_user OWNER TO ra;

--
-- Name: auth_user_groups; Type: TABLE; Schema: public; Owner: ra
--

CREATE TABLE public.auth_user_groups (
    id bigint NOT NULL,
    user_id integer NOT NULL,
    group_id integer NOT NULL
);


ALTER TABLE public.auth_user_groups OWNER TO ra;

--
-- Name: auth_user_groups_id_seq; Type: SEQUENCE; Schema: public; Owner: ra
--

ALTER TABLE public.auth_user_groups ALTER COLUMN id ADD GENERATED BY DEFAULT AS IDENTITY (
    SEQUENCE NAME public.auth_user_groups_id_seq
    START WITH 1
    INCREMENT BY 1
    NO MINVALUE
    NO MAXVALUE
    CACHE 1
);


--
-- Name: auth_user_id_seq; Type: SEQUENCE; Schema: public; Owner: ra
--

ALTER TABLE public.auth_user ALTER COLUMN id ADD GENERATED BY DEFAULT AS IDENTITY (
    SEQUENCE NAME public.auth_user_id_seq
    START WITH 1
    INCREMENT BY 1
    NO MINVALUE
    NO MAXVALUE
    CACHE 1
);


--
-- Name: auth_user_user_permissions; Type: TABLE; Schema: public; Owner: ra
--

CREATE TABLE public.auth_user_user_permissions (
    id bigint NOT NULL,
    user_id integer NOT NULL,
    permission_id integer NOT NULL
);


ALTER TABLE public.auth_user_user_permissions OWNER TO ra;

--
-- Name: auth_user_user_permissions_id_seq; Type: SEQUENCE; Schema: public; Owner: ra
--

ALTER TABLE public.auth_user_user_permissions ALTER COLUMN id ADD GENERATED BY DEFAULT AS IDENTITY (
    SEQUENCE NAME public.auth_user_user_permissions_id_seq
    START WITH 1
    INCREMENT BY 1
    NO MINVALUE
    NO MAXVALUE
    CACHE 1
);


--
-- Name: blog_category; Type: TABLE; Schema: public; Owner: ra
--

CREATE TABLE public.blog_category (
    id bigint NOT NULL,
    name character varying(100) NOT NULL,
    slug character varying(100) NOT NULL
);


ALTER TABLE public.blog_category OWNER TO ra;

--
-- Name: blog_category_id_seq; Type: SEQUENCE; Schema: public; Owner: ra
--

ALTER TABLE public.blog_category ALTER COLUMN id ADD GENERATED BY DEFAULT AS IDENTITY (
    SEQUENCE NAME public.blog_category_id_seq
    START WITH 1
    INCREMENT BY 1
    NO MINVALUE
    NO MAXVALUE
    CACHE 1
);


--
-- Name: blog_post; Type: TABLE; Schema: public; Owner: ra
--

CREATE TABLE public.blog_post (
    id bigint NOT NULL,
    title character varying(200) NOT NULL,
    slug character varying(200) NOT NULL,
    content text NOT NULL,
    created_at timestamp with time zone NOT NULL,
    updated_at timestamp with time zone NOT NULL,
    status character varying(10) NOT NULL,
    is_restricted boolean NOT NULL,
    author_id integer NOT NULL,
    category_id bigint NOT NULL
);


ALTER TABLE public.blog_post OWNER TO ra;

--
-- Name: blog_post_id_seq; Type: SEQUENCE; Schema: public; Owner: ra
--

ALTER TABLE public.blog_post ALTER COLUMN id ADD GENERATED BY DEFAULT AS IDENTITY (
    SEQUENCE NAME public.blog_post_id_seq
    START WITH 1
    INCREMENT BY 1
    NO MINVALUE
    NO MAXVALUE
    CACHE 1
);


--
-- Name: blog_post_tags; Type: TABLE; Schema: public; Owner: ra
--

CREATE TABLE public.blog_post_tags (
    id bigint NOT NULL,
    post_id bigint NOT NULL,
    tag_id bigint NOT NULL
);


ALTER TABLE public.blog_post_tags OWNER TO ra;

--
-- Name: blog_post_tags_id_seq; Type: SEQUENCE; Schema: public; Owner: ra
--

ALTER TABLE public.blog_post_tags ALTER COLUMN id ADD GENERATED BY DEFAULT AS IDENTITY (
    SEQUENCE NAME public.blog_post_tags_id_seq
    START WITH 1
    INCREMENT BY 1
    NO MINVALUE
    NO MAXVALUE
    CACHE 1
);


--
-- Name: blog_tag; Type: TABLE; Schema: public; Owner: ra
--

CREATE TABLE public.blog_tag (
    id bigint NOT NULL,
    name character varying(50) NOT NULL,
    slug character varying(50) NOT NULL
);


ALTER TABLE public.blog_tag OWNER TO ra;

--
-- Name: blog_tag_id_seq; Type: SEQUENCE; Schema: public; Owner: ra
--

ALTER TABLE public.blog_tag ALTER COLUMN id ADD GENERATED BY DEFAULT AS IDENTITY (
    SEQUENCE NAME public.blog_tag_id_seq
    START WITH 1
    INCREMENT BY 1
    NO MINVALUE
    NO MAXVALUE
    CACHE 1
);


--
-- Name: django_admin_log; Type: TABLE; Schema: public; Owner: ra
--

CREATE TABLE public.django_admin_log (
    id integer NOT NULL,
    action_time timestamp with time zone NOT NULL,
    object_id text,
    object_repr character varying(200) NOT NULL,
    action_flag smallint NOT NULL,
    change_message text NOT NULL,
    content_type_id integer,
    user_id integer NOT NULL,
    CONSTRAINT django_admin_log_action_flag_check CHECK ((action_flag >= 0))
);


ALTER TABLE public.django_admin_log OWNER TO ra;

--
-- Name: django_admin_log_id_seq; Type: SEQUENCE; Schema: public; Owner: ra
--

ALTER TABLE public.django_admin_log ALTER COLUMN id ADD GENERATED BY DEFAULT AS IDENTITY (
    SEQUENCE NAME public.django_admin_log_id_seq
    START WITH 1
    INCREMENT BY 1
    NO MINVALUE
    NO MAXVALUE
    CACHE 1
);


--
-- Name: django_content_type; Type: TABLE; Schema: public; Owner: ra
--

CREATE TABLE public.django_content_type (
    id integer NOT NULL,
    app_label character varying(100) NOT NULL,
    model character varying(100) NOT NULL
);


ALTER TABLE public.django_content_type OWNER TO ra;

--
-- Name: django_content_type_id_seq; Type: SEQUENCE; Schema: public; Owner: ra
--

ALTER TABLE public.django_content_type ALTER COLUMN id ADD GENERATED BY DEFAULT AS IDENTITY (
    SEQUENCE NAME public.django_content_type_id_seq
    START WITH 1
    INCREMENT BY 1
    NO MINVALUE
    NO MAXVALUE
    CACHE 1
);


--
-- Name: django_migrations; Type: TABLE; Schema: public; Owner: ra
--

CREATE TABLE public.django_migrations (
    id bigint NOT NULL,
    app character varying(255) NOT NULL,
    name character varying(255) NOT NULL,
    applied timestamp with time zone NOT NULL
);


ALTER TABLE public.django_migrations OWNER TO ra;

--
-- Name: django_migrations_id_seq; Type: SEQUENCE; Schema: public; Owner: ra
--

ALTER TABLE public.django_migrations ALTER COLUMN id ADD GENERATED BY DEFAULT AS IDENTITY (
    SEQUENCE NAME public.django_migrations_id_seq
    START WITH 1
    INCREMENT BY 1
    NO MINVALUE
    NO MAXVALUE
    CACHE 1
);


--
-- Name: django_session; Type: TABLE; Schema: public; Owner: ra
--

CREATE TABLE public.django_session (
    session_key character varying(40) NOT NULL,
    session_data text NOT NULL,
    expire_date timestamp with time zone NOT NULL
);


ALTER TABLE public.django_session OWNER TO ra;

--
-- Name: portfolio_project; Type: TABLE; Schema: public; Owner: ra
--

CREATE TABLE public.portfolio_project (
    id bigint NOT NULL,
    title character varying(200) NOT NULL,
    slug character varying(200) NOT NULL,
    description text NOT NULL,
    image character varying(100),
    link character varying(300) NOT NULL,
    tags character varying(100) NOT NULL,
    created_at timestamp with time zone NOT NULL,
    updated_at timestamp with time zone NOT NULL
);


ALTER TABLE public.portfolio_project OWNER TO ra;

--
-- Name: portfolio_project_id_seq; Type: SEQUENCE; Schema: public; Owner: ra
--

ALTER TABLE public.portfolio_project ALTER COLUMN id ADD GENERATED BY DEFAULT AS IDENTITY (
    SEQUENCE NAME public.portfolio_project_id_seq
    START WITH 1
    INCREMENT BY 1
    NO MINVALUE
    NO MAXVALUE
    CACHE 1
);


--
-- Name: portfolio_service; Type: TABLE; Schema: public; Owner: ra
--

CREATE TABLE public.portfolio_service (
    id bigint NOT NULL,
    name character varying(100) NOT NULL,
    description text NOT NULL,
    icon character varying(100),
    created_at timestamp with time zone NOT NULL,
    updated_at timestamp with time zone NOT NULL
);


ALTER TABLE public.portfolio_service OWNER TO ra;

--
-- Name: portfolio_service_id_seq; Type: SEQUENCE; Schema: public; Owner: ra
--

ALTER TABLE public.portfolio_service ALTER COLUMN id ADD GENERATED BY DEFAULT AS IDENTITY (
    SEQUENCE NAME public.portfolio_service_id_seq
    START WITH 1
    INCREMENT BY 1
    NO MINVALUE
    NO MAXVALUE
    CACHE 1
);


--
-- Data for Name: auth_group; Type: TABLE DATA; Schema: public; Owner: ra
--

COPY public.auth_group (id, name) FROM stdin;
\.


--
-- Data for Name: auth_group_permissions; Type: TABLE DATA; Schema: public; Owner: ra
--

COPY public.auth_group_permissions (id, group_id, permission_id) FROM stdin;
\.


--
-- Data for Name: auth_permission; Type: TABLE DATA; Schema: public; Owner: ra
--

COPY public.auth_permission (id, name, content_type_id, codename) FROM stdin;
1	Can add log entry	1	add_logentry
2	Can change log entry	1	change_logentry
3	Can delete log entry	1	delete_logentry
4	Can view log entry	1	view_logentry
5	Can add permission	2	add_permission
6	Can change permission	2	change_permission
7	Can delete permission	2	delete_permission
8	Can view permission	2	view_permission
9	Can add group	3	add_group
10	Can change group	3	change_group
11	Can delete group	3	delete_group
12	Can view group	3	view_group
13	Can add user	4	add_user
14	Can change user	4	change_user
15	Can delete user	4	delete_user
16	Can view user	4	view_user
17	Can add content type	5	add_contenttype
18	Can change content type	5	change_contenttype
19	Can delete content type	5	delete_contenttype
20	Can view content type	5	view_contenttype
21	Can add session	6	add_session
22	Can change session	6	change_session
23	Can delete session	6	delete_session
24	Can view session	6	view_session
25	Can add tag	7	add_tag
26	Can change tag	7	change_tag
27	Can delete tag	7	delete_tag
28	Can view tag	7	view_tag
29	Can add category	8	add_category
30	Can change category	8	change_category
31	Can delete category	8	delete_category
32	Can view category	8	view_category
33	Can add post	9	add_post
34	Can change post	9	change_post
35	Can delete post	9	delete_post
36	Can view post	9	view_post
37	Can add project	10	add_project
38	Can change project	10	change_project
39	Can delete project	10	delete_project
40	Can view project	10	view_project
41	Can add service	11	add_service
42	Can change service	11	change_service
43	Can delete service	11	delete_service
44	Can view service	11	view_service
\.


--
-- Data for Name: auth_user; Type: TABLE DATA; Schema: public; Owner: ra
--

COPY public.auth_user (id, password, last_login, is_superuser, username, first_name, last_name, email, is_staff, is_active, date_joined) FROM stdin;
1	pbkdf2_sha256$870000$rDIzxfjbpzZ5an5BfPoCpv$bwy0VBRo35lcovMPfQmktjDykPs10MBtgkuRf8D8VBk=	2024-09-15 13:06:25.69185+03	t	gachewa			gachewaadrian@gmail.com	t	t	2024-09-15 13:04:50.289989+03
\.


--
-- Data for Name: auth_user_groups; Type: TABLE DATA; Schema: public; Owner: ra
--

COPY public.auth_user_groups (id, user_id, group_id) FROM stdin;
\.


--
-- Data for Name: auth_user_user_permissions; Type: TABLE DATA; Schema: public; Owner: ra
--

COPY public.auth_user_user_permissions (id, user_id, permission_id) FROM stdin;
\.


--
-- Data for Name: blog_category; Type: TABLE DATA; Schema: public; Owner: ra
--

COPY public.blog_category (id, name, slug) FROM stdin;
1	Tech	tech
2	Programming	programming
3	Architecture	architecture
4	Nature	nature
5	Philosophy	philosophy
\.


--
-- Data for Name: blog_post; Type: TABLE DATA; Schema: public; Owner: ra
--

COPY public.blog_post (id, title, slug, content, created_at, updated_at, status, is_restricted, author_id, category_id) FROM stdin;
2	Welcome to My Blog	welcome-to-my-blog	This website is both my portfolio and blog for posting my thoughts, ideas, and things I'm learning.	2024-09-15 13:42:00.598408+03	2024-09-15 13:42:00.598424+03	published	f	1	5
3	My First Blog Post	my-first-blog-post	This is the content of my first blog post.	2024-09-15 14:13:07.104901+03	2024-09-15 14:13:07.104927+03	published	f	1	1
\.


--
-- Data for Name: blog_post_tags; Type: TABLE DATA; Schema: public; Owner: ra
--

COPY public.blog_post_tags (id, post_id, tag_id) FROM stdin;
\.


--
-- Data for Name: blog_tag; Type: TABLE DATA; Schema: public; Owner: ra
--

COPY public.blog_tag (id, name, slug) FROM stdin;
\.


--
-- Data for Name: django_admin_log; Type: TABLE DATA; Schema: public; Owner: ra
--

COPY public.django_admin_log (id, action_time, object_id, object_repr, action_flag, change_message, content_type_id, user_id) FROM stdin;
1	2024-09-15 13:33:39.704798+03	1	Tech	1	[{"added": {}}]	8	1
2	2024-09-15 13:33:47.46691+03	2	Programming	1	[{"added": {}}]	8	1
3	2024-09-15 13:33:54.134496+03	3	Architecture	1	[{"added": {}}]	8	1
4	2024-09-15 13:33:59.09752+03	4	Nature	1	[{"added": {}}]	8	1
5	2024-09-15 13:34:22.458103+03	5	Philosophy	1	[{"added": {}}]	8	1
6	2024-09-15 13:42:00.603678+03	2	Welcome to My Blog	1	[{"added": {}}]	9	1
7	2024-09-15 19:43:51.300111+03	1	Educa Project	1	[{"added": {}}]	10	1
\.


--
-- Data for Name: django_content_type; Type: TABLE DATA; Schema: public; Owner: ra
--

COPY public.django_content_type (id, app_label, model) FROM stdin;
1	admin	logentry
2	auth	permission
3	auth	group
4	auth	user
5	contenttypes	contenttype
6	sessions	session
7	blog	tag
8	blog	category
9	blog	post
10	portfolio	project
11	portfolio	service
\.


--
-- Data for Name: django_migrations; Type: TABLE DATA; Schema: public; Owner: ra
--

COPY public.django_migrations (id, app, name, applied) FROM stdin;
1	contenttypes	0001_initial	2024-09-11 15:58:56.641709+03
2	auth	0001_initial	2024-09-11 15:58:57.731618+03
3	admin	0001_initial	2024-09-11 15:58:57.942407+03
4	admin	0002_logentry_remove_auto_add	2024-09-11 15:58:57.969555+03
5	admin	0003_logentry_add_action_flag_choices	2024-09-11 15:58:57.990308+03
6	contenttypes	0002_remove_content_type_name	2024-09-11 15:58:58.091113+03
7	auth	0002_alter_permission_name_max_length	2024-09-11 15:58:58.104931+03
8	auth	0003_alter_user_email_max_length	2024-09-11 15:58:58.116846+03
9	auth	0004_alter_user_username_opts	2024-09-11 15:58:58.129135+03
10	auth	0005_alter_user_last_login_null	2024-09-11 15:58:58.152811+03
11	auth	0006_require_contenttypes_0002	2024-09-11 15:58:58.165044+03
12	auth	0007_alter_validators_add_error_messages	2024-09-11 15:58:58.185744+03
13	auth	0008_alter_user_username_max_length	2024-09-11 15:58:58.251148+03
14	auth	0009_alter_user_last_name_max_length	2024-09-11 15:58:58.286249+03
15	auth	0010_alter_group_name_max_length	2024-09-11 15:58:58.313138+03
16	auth	0011_update_proxy_permissions	2024-09-11 15:58:58.331073+03
17	auth	0012_alter_user_first_name_max_length	2024-09-11 15:58:58.353287+03
18	sessions	0001_initial	2024-09-11 15:58:58.54291+03
19	blog	0001_initial	2024-09-15 13:31:59.486299+03
20	portfolio	0001_initial	2024-09-15 17:41:25.16454+03
\.


--
-- Data for Name: django_session; Type: TABLE DATA; Schema: public; Owner: ra
--

COPY public.django_session (session_key, session_data, expire_date) FROM stdin;
glqn1el88kllop3j5f4wnsliarrjrvsc	.eJxVjDsOwjAQBe_iGln-26GkzxmstXeNA8iR4qRC3J1ESgHtzLz3ZhG2tcat0xInZFcm2eWXJchPaofAB7T7zPPc1mVK_Ej4aTsfZ6TX7Wz_Dir0uq9VsEKAIOXdgFlnBGOEE2iNzk5aVTQFa73JQRcKQAAyoC1Jq7CzwbPPF8lpN3U:1spm9B:XqWl15LS2V6-eqehqS_ViowGDXin-Y4Z9uznsEmJlsU	2024-09-29 13:06:25.803438+03
\.


--
-- Data for Name: portfolio_project; Type: TABLE DATA; Schema: public; Owner: ra
--

COPY public.portfolio_project (id, title, slug, description, image, link, tags, created_at, updated_at) FROM stdin;
1	Educa Project	educa-project	An e-learning platform where instructors can provide multiform content and learners can log in to access it. They can give feedback through comments and per-course chatrooms.				2024-09-15 19:43:51.296106+03	2024-09-15 19:43:51.296122+03
\.


--
-- Data for Name: portfolio_service; Type: TABLE DATA; Schema: public; Owner: ra
--

COPY public.portfolio_service (id, name, description, icon, created_at, updated_at) FROM stdin;
\.


--
-- Name: auth_group_id_seq; Type: SEQUENCE SET; Schema: public; Owner: ra
--

SELECT pg_catalog.setval('public.auth_group_id_seq', 1, false);


--
-- Name: auth_group_permissions_id_seq; Type: SEQUENCE SET; Schema: public; Owner: ra
--

SELECT pg_catalog.setval('public.auth_group_permissions_id_seq', 1, false);


--
-- Name: auth_permission_id_seq; Type: SEQUENCE SET; Schema: public; Owner: ra
--

SELECT pg_catalog.setval('public.auth_permission_id_seq', 44, true);


--
-- Name: auth_user_groups_id_seq; Type: SEQUENCE SET; Schema: public; Owner: ra
--

SELECT pg_catalog.setval('public.auth_user_groups_id_seq', 1, false);


--
-- Name: auth_user_id_seq; Type: SEQUENCE SET; Schema: public; Owner: ra
--

SELECT pg_catalog.setval('public.auth_user_id_seq', 1, true);


--
-- Name: auth_user_user_permissions_id_seq; Type: SEQUENCE SET; Schema: public; Owner: ra
--

SELECT pg_catalog.setval('public.auth_user_user_permissions_id_seq', 1, false);


--
-- Name: blog_category_id_seq; Type: SEQUENCE SET; Schema: public; Owner: ra
--

SELECT pg_catalog.setval('public.blog_category_id_seq', 5, true);


--
-- Name: blog_post_id_seq; Type: SEQUENCE SET; Schema: public; Owner: ra
--

SELECT pg_catalog.setval('public.blog_post_id_seq', 3, true);


--
-- Name: blog_post_tags_id_seq; Type: SEQUENCE SET; Schema: public; Owner: ra
--

SELECT pg_catalog.setval('public.blog_post_tags_id_seq', 1, false);


--
-- Name: blog_tag_id_seq; Type: SEQUENCE SET; Schema: public; Owner: ra
--

SELECT pg_catalog.setval('public.blog_tag_id_seq', 1, false);


--
-- Name: django_admin_log_id_seq; Type: SEQUENCE SET; Schema: public; Owner: ra
--

SELECT pg_catalog.setval('public.django_admin_log_id_seq', 7, true);


--
-- Name: django_content_type_id_seq; Type: SEQUENCE SET; Schema: public; Owner: ra
--

SELECT pg_catalog.setval('public.django_content_type_id_seq', 11, true);


--
-- Name: django_migrations_id_seq; Type: SEQUENCE SET; Schema: public; Owner: ra
--

SELECT pg_catalog.setval('public.django_migrations_id_seq', 20, true);


--
-- Name: portfolio_project_id_seq; Type: SEQUENCE SET; Schema: public; Owner: ra
--

SELECT pg_catalog.setval('public.portfolio_project_id_seq', 1, true);


--
-- Name: portfolio_service_id_seq; Type: SEQUENCE SET; Schema: public; Owner: ra
--

SELECT pg_catalog.setval('public.portfolio_service_id_seq', 1, false);


--
-- Name: auth_group auth_group_name_key; Type: CONSTRAINT; Schema: public; Owner: ra
--

ALTER TABLE ONLY public.auth_group
    ADD CONSTRAINT auth_group_name_key UNIQUE (name);


--
-- Name: auth_group_permissions auth_group_permissions_group_id_permission_id_0cd325b0_uniq; Type: CONSTRAINT; Schema: public; Owner: ra
--

ALTER TABLE ONLY public.auth_group_permissions
    ADD CONSTRAINT auth_group_permissions_group_id_permission_id_0cd325b0_uniq UNIQUE (group_id, permission_id);


--
-- Name: auth_group_permissions auth_group_permissions_pkey; Type: CONSTRAINT; Schema: public; Owner: ra
--

ALTER TABLE ONLY public.auth_group_permissions
    ADD CONSTRAINT auth_group_permissions_pkey PRIMARY KEY (id);


--
-- Name: auth_group auth_group_pkey; Type: CONSTRAINT; Schema: public; Owner: ra
--

ALTER TABLE ONLY public.auth_group
    ADD CONSTRAINT auth_group_pkey PRIMARY KEY (id);


--
-- Name: auth_permission auth_permission_content_type_id_codename_01ab375a_uniq; Type: CONSTRAINT; Schema: public; Owner: ra
--

ALTER TABLE ONLY public.auth_permission
    ADD CONSTRAINT auth_permission_content_type_id_codename_01ab375a_uniq UNIQUE (content_type_id, codename);


--
-- Name: auth_permission auth_permission_pkey; Type: CONSTRAINT; Schema: public; Owner: ra
--

ALTER TABLE ONLY public.auth_permission
    ADD CONSTRAINT auth_permission_pkey PRIMARY KEY (id);


--
-- Name: auth_user_groups auth_user_groups_pkey; Type: CONSTRAINT; Schema: public; Owner: ra
--

ALTER TABLE ONLY public.auth_user_groups
    ADD CONSTRAINT auth_user_groups_pkey PRIMARY KEY (id);


--
-- Name: auth_user_groups auth_user_groups_user_id_group_id_94350c0c_uniq; Type: CONSTRAINT; Schema: public; Owner: ra
--

ALTER TABLE ONLY public.auth_user_groups
    ADD CONSTRAINT auth_user_groups_user_id_group_id_94350c0c_uniq UNIQUE (user_id, group_id);


--
-- Name: auth_user auth_user_pkey; Type: CONSTRAINT; Schema: public; Owner: ra
--

ALTER TABLE ONLY public.auth_user
    ADD CONSTRAINT auth_user_pkey PRIMARY KEY (id);


--
-- Name: auth_user_user_permissions auth_user_user_permissions_pkey; Type: CONSTRAINT; Schema: public; Owner: ra
--

ALTER TABLE ONLY public.auth_user_user_permissions
    ADD CONSTRAINT auth_user_user_permissions_pkey PRIMARY KEY (id);


--
-- Name: auth_user_user_permissions auth_user_user_permissions_user_id_permission_id_14a6b632_uniq; Type: CONSTRAINT; Schema: public; Owner: ra
--

ALTER TABLE ONLY public.auth_user_user_permissions
    ADD CONSTRAINT auth_user_user_permissions_user_id_permission_id_14a6b632_uniq UNIQUE (user_id, permission_id);


--
-- Name: auth_user auth_user_username_key; Type: CONSTRAINT; Schema: public; Owner: ra
--

ALTER TABLE ONLY public.auth_user
    ADD CONSTRAINT auth_user_username_key UNIQUE (username);


--
-- Name: blog_category blog_category_name_key; Type: CONSTRAINT; Schema: public; Owner: ra
--

ALTER TABLE ONLY public.blog_category
    ADD CONSTRAINT blog_category_name_key UNIQUE (name);


--
-- Name: blog_category blog_category_pkey; Type: CONSTRAINT; Schema: public; Owner: ra
--

ALTER TABLE ONLY public.blog_category
    ADD CONSTRAINT blog_category_pkey PRIMARY KEY (id);


--
-- Name: blog_category blog_category_slug_key; Type: CONSTRAINT; Schema: public; Owner: ra
--

ALTER TABLE ONLY public.blog_category
    ADD CONSTRAINT blog_category_slug_key UNIQUE (slug);


--
-- Name: blog_post blog_post_pkey; Type: CONSTRAINT; Schema: public; Owner: ra
--

ALTER TABLE ONLY public.blog_post
    ADD CONSTRAINT blog_post_pkey PRIMARY KEY (id);


--
-- Name: blog_post blog_post_slug_key; Type: CONSTRAINT; Schema: public; Owner: ra
--

ALTER TABLE ONLY public.blog_post
    ADD CONSTRAINT blog_post_slug_key UNIQUE (slug);


--
-- Name: blog_post_tags blog_post_tags_pkey; Type: CONSTRAINT; Schema: public; Owner: ra
--

ALTER TABLE ONLY public.blog_post_tags
    ADD CONSTRAINT blog_post_tags_pkey PRIMARY KEY (id);


--
-- Name: blog_post_tags blog_post_tags_post_id_tag_id_4925ec37_uniq; Type: CONSTRAINT; Schema: public; Owner: ra
--

ALTER TABLE ONLY public.blog_post_tags
    ADD CONSTRAINT blog_post_tags_post_id_tag_id_4925ec37_uniq UNIQUE (post_id, tag_id);


--
-- Name: blog_tag blog_tag_name_key; Type: CONSTRAINT; Schema: public; Owner: ra
--

ALTER TABLE ONLY public.blog_tag
    ADD CONSTRAINT blog_tag_name_key UNIQUE (name);


--
-- Name: blog_tag blog_tag_pkey; Type: CONSTRAINT; Schema: public; Owner: ra
--

ALTER TABLE ONLY public.blog_tag
    ADD CONSTRAINT blog_tag_pkey PRIMARY KEY (id);


--
-- Name: blog_tag blog_tag_slug_key; Type: CONSTRAINT; Schema: public; Owner: ra
--

ALTER TABLE ONLY public.blog_tag
    ADD CONSTRAINT blog_tag_slug_key UNIQUE (slug);


--
-- Name: django_admin_log django_admin_log_pkey; Type: CONSTRAINT; Schema: public; Owner: ra
--

ALTER TABLE ONLY public.django_admin_log
    ADD CONSTRAINT django_admin_log_pkey PRIMARY KEY (id);


--
-- Name: django_content_type django_content_type_app_label_model_76bd3d3b_uniq; Type: CONSTRAINT; Schema: public; Owner: ra
--

ALTER TABLE ONLY public.django_content_type
    ADD CONSTRAINT django_content_type_app_label_model_76bd3d3b_uniq UNIQUE (app_label, model);


--
-- Name: django_content_type django_content_type_pkey; Type: CONSTRAINT; Schema: public; Owner: ra
--

ALTER TABLE ONLY public.django_content_type
    ADD CONSTRAINT django_content_type_pkey PRIMARY KEY (id);


--
-- Name: django_migrations django_migrations_pkey; Type: CONSTRAINT; Schema: public; Owner: ra
--

ALTER TABLE ONLY public.django_migrations
    ADD CONSTRAINT django_migrations_pkey PRIMARY KEY (id);


--
-- Name: django_session django_session_pkey; Type: CONSTRAINT; Schema: public; Owner: ra
--

ALTER TABLE ONLY public.django_session
    ADD CONSTRAINT django_session_pkey PRIMARY KEY (session_key);


--
-- Name: portfolio_project portfolio_project_pkey; Type: CONSTRAINT; Schema: public; Owner: ra
--

ALTER TABLE ONLY public.portfolio_project
    ADD CONSTRAINT portfolio_project_pkey PRIMARY KEY (id);


--
-- Name: portfolio_project portfolio_project_slug_key; Type: CONSTRAINT; Schema: public; Owner: ra
--

ALTER TABLE ONLY public.portfolio_project
    ADD CONSTRAINT portfolio_project_slug_key UNIQUE (slug);


--
-- Name: portfolio_service portfolio_service_pkey; Type: CONSTRAINT; Schema: public; Owner: ra
--

ALTER TABLE ONLY public.portfolio_service
    ADD CONSTRAINT portfolio_service_pkey PRIMARY KEY (id);


--
-- Name: auth_group_name_a6ea08ec_like; Type: INDEX; Schema: public; Owner: ra
--

CREATE INDEX auth_group_name_a6ea08ec_like ON public.auth_group USING btree (name varchar_pattern_ops);


--
-- Name: auth_group_permissions_group_id_b120cbf9; Type: INDEX; Schema: public; Owner: ra
--

CREATE INDEX auth_group_permissions_group_id_b120cbf9 ON public.auth_group_permissions USING btree (group_id);


--
-- Name: auth_group_permissions_permission_id_84c5c92e; Type: INDEX; Schema: public; Owner: ra
--

CREATE INDEX auth_group_permissions_permission_id_84c5c92e ON public.auth_group_permissions USING btree (permission_id);


--
-- Name: auth_permission_content_type_id_2f476e4b; Type: INDEX; Schema: public; Owner: ra
--

CREATE INDEX auth_permission_content_type_id_2f476e4b ON public.auth_permission USING btree (content_type_id);


--
-- Name: auth_user_groups_group_id_97559544; Type: INDEX; Schema: public; Owner: ra
--

CREATE INDEX auth_user_groups_group_id_97559544 ON public.auth_user_groups USING btree (group_id);


--
-- Name: auth_user_groups_user_id_6a12ed8b; Type: INDEX; Schema: public; Owner: ra
--

CREATE INDEX auth_user_groups_user_id_6a12ed8b ON public.auth_user_groups USING btree (user_id);


--
-- Name: auth_user_user_permissions_permission_id_1fbb5f2c; Type: INDEX; Schema: public; Owner: ra
--

CREATE INDEX auth_user_user_permissions_permission_id_1fbb5f2c ON public.auth_user_user_permissions USING btree (permission_id);


--
-- Name: auth_user_user_permissions_user_id_a95ead1b; Type: INDEX; Schema: public; Owner: ra
--

CREATE INDEX auth_user_user_permissions_user_id_a95ead1b ON public.auth_user_user_permissions USING btree (user_id);


--
-- Name: auth_user_username_6821ab7c_like; Type: INDEX; Schema: public; Owner: ra
--

CREATE INDEX auth_user_username_6821ab7c_like ON public.auth_user USING btree (username varchar_pattern_ops);


--
-- Name: blog_category_name_92eb1483_like; Type: INDEX; Schema: public; Owner: ra
--

CREATE INDEX blog_category_name_92eb1483_like ON public.blog_category USING btree (name varchar_pattern_ops);


--
-- Name: blog_category_slug_92643dc5_like; Type: INDEX; Schema: public; Owner: ra
--

CREATE INDEX blog_category_slug_92643dc5_like ON public.blog_category USING btree (slug varchar_pattern_ops);


--
-- Name: blog_post_author_id_dd7a8485; Type: INDEX; Schema: public; Owner: ra
--

CREATE INDEX blog_post_author_id_dd7a8485 ON public.blog_post USING btree (author_id);


--
-- Name: blog_post_category_id_c326dbf8; Type: INDEX; Schema: public; Owner: ra
--

CREATE INDEX blog_post_category_id_c326dbf8 ON public.blog_post USING btree (category_id);


--
-- Name: blog_post_slug_b95473f2_like; Type: INDEX; Schema: public; Owner: ra
--

CREATE INDEX blog_post_slug_b95473f2_like ON public.blog_post USING btree (slug varchar_pattern_ops);


--
-- Name: blog_post_tags_post_id_a1c71c8a; Type: INDEX; Schema: public; Owner: ra
--

CREATE INDEX blog_post_tags_post_id_a1c71c8a ON public.blog_post_tags USING btree (post_id);


--
-- Name: blog_post_tags_tag_id_0875c551; Type: INDEX; Schema: public; Owner: ra
--

CREATE INDEX blog_post_tags_tag_id_0875c551 ON public.blog_post_tags USING btree (tag_id);


--
-- Name: blog_tag_name_c5718cc8_like; Type: INDEX; Schema: public; Owner: ra
--

CREATE INDEX blog_tag_name_c5718cc8_like ON public.blog_tag USING btree (name varchar_pattern_ops);


--
-- Name: blog_tag_slug_01068d0e_like; Type: INDEX; Schema: public; Owner: ra
--

CREATE INDEX blog_tag_slug_01068d0e_like ON public.blog_tag USING btree (slug varchar_pattern_ops);


--
-- Name: django_admin_log_content_type_id_c4bce8eb; Type: INDEX; Schema: public; Owner: ra
--

CREATE INDEX django_admin_log_content_type_id_c4bce8eb ON public.django_admin_log USING btree (content_type_id);


--
-- Name: django_admin_log_user_id_c564eba6; Type: INDEX; Schema: public; Owner: ra
--

CREATE INDEX django_admin_log_user_id_c564eba6 ON public.django_admin_log USING btree (user_id);


--
-- Name: django_session_expire_date_a5c62663; Type: INDEX; Schema: public; Owner: ra
--

CREATE INDEX django_session_expire_date_a5c62663 ON public.django_session USING btree (expire_date);


--
-- Name: django_session_session_key_c0390e0f_like; Type: INDEX; Schema: public; Owner: ra
--

CREATE INDEX django_session_session_key_c0390e0f_like ON public.django_session USING btree (session_key varchar_pattern_ops);


--
-- Name: portfolio_project_slug_43fe0722_like; Type: INDEX; Schema: public; Owner: ra
--

CREATE INDEX portfolio_project_slug_43fe0722_like ON public.portfolio_project USING btree (slug varchar_pattern_ops);


--
-- Name: auth_group_permissions auth_group_permissio_permission_id_84c5c92e_fk_auth_perm; Type: FK CONSTRAINT; Schema: public; Owner: ra
--

ALTER TABLE ONLY public.auth_group_permissions
    ADD CONSTRAINT auth_group_permissio_permission_id_84c5c92e_fk_auth_perm FOREIGN KEY (permission_id) REFERENCES public.auth_permission(id) DEFERRABLE INITIALLY DEFERRED;


--
-- Name: auth_group_permissions auth_group_permissions_group_id_b120cbf9_fk_auth_group_id; Type: FK CONSTRAINT; Schema: public; Owner: ra
--

ALTER TABLE ONLY public.auth_group_permissions
    ADD CONSTRAINT auth_group_permissions_group_id_b120cbf9_fk_auth_group_id FOREIGN KEY (group_id) REFERENCES public.auth_group(id) DEFERRABLE INITIALLY DEFERRED;


--
-- Name: auth_permission auth_permission_content_type_id_2f476e4b_fk_django_co; Type: FK CONSTRAINT; Schema: public; Owner: ra
--

ALTER TABLE ONLY public.auth_permission
    ADD CONSTRAINT auth_permission_content_type_id_2f476e4b_fk_django_co FOREIGN KEY (content_type_id) REFERENCES public.django_content_type(id) DEFERRABLE INITIALLY DEFERRED;


--
-- Name: auth_user_groups auth_user_groups_group_id_97559544_fk_auth_group_id; Type: FK CONSTRAINT; Schema: public; Owner: ra
--

ALTER TABLE ONLY public.auth_user_groups
    ADD CONSTRAINT auth_user_groups_group_id_97559544_fk_auth_group_id FOREIGN KEY (group_id) REFERENCES public.auth_group(id) DEFERRABLE INITIALLY DEFERRED;


--
-- Name: auth_user_groups auth_user_groups_user_id_6a12ed8b_fk_auth_user_id; Type: FK CONSTRAINT; Schema: public; Owner: ra
--

ALTER TABLE ONLY public.auth_user_groups
    ADD CONSTRAINT auth_user_groups_user_id_6a12ed8b_fk_auth_user_id FOREIGN KEY (user_id) REFERENCES public.auth_user(id) DEFERRABLE INITIALLY DEFERRED;


--
-- Name: auth_user_user_permissions auth_user_user_permi_permission_id_1fbb5f2c_fk_auth_perm; Type: FK CONSTRAINT; Schema: public; Owner: ra
--

ALTER TABLE ONLY public.auth_user_user_permissions
    ADD CONSTRAINT auth_user_user_permi_permission_id_1fbb5f2c_fk_auth_perm FOREIGN KEY (permission_id) REFERENCES public.auth_permission(id) DEFERRABLE INITIALLY DEFERRED;


--
-- Name: auth_user_user_permissions auth_user_user_permissions_user_id_a95ead1b_fk_auth_user_id; Type: FK CONSTRAINT; Schema: public; Owner: ra
--

ALTER TABLE ONLY public.auth_user_user_permissions
    ADD CONSTRAINT auth_user_user_permissions_user_id_a95ead1b_fk_auth_user_id FOREIGN KEY (user_id) REFERENCES public.auth_user(id) DEFERRABLE INITIALLY DEFERRED;


--
-- Name: blog_post blog_post_author_id_dd7a8485_fk_auth_user_id; Type: FK CONSTRAINT; Schema: public; Owner: ra
--

ALTER TABLE ONLY public.blog_post
    ADD CONSTRAINT blog_post_author_id_dd7a8485_fk_auth_user_id FOREIGN KEY (author_id) REFERENCES public.auth_user(id) DEFERRABLE INITIALLY DEFERRED;


--
-- Name: blog_post blog_post_category_id_c326dbf8_fk_blog_category_id; Type: FK CONSTRAINT; Schema: public; Owner: ra
--

ALTER TABLE ONLY public.blog_post
    ADD CONSTRAINT blog_post_category_id_c326dbf8_fk_blog_category_id FOREIGN KEY (category_id) REFERENCES public.blog_category(id) DEFERRABLE INITIALLY DEFERRED;


--
-- Name: blog_post_tags blog_post_tags_post_id_a1c71c8a_fk_blog_post_id; Type: FK CONSTRAINT; Schema: public; Owner: ra
--

ALTER TABLE ONLY public.blog_post_tags
    ADD CONSTRAINT blog_post_tags_post_id_a1c71c8a_fk_blog_post_id FOREIGN KEY (post_id) REFERENCES public.blog_post(id) DEFERRABLE INITIALLY DEFERRED;


--
-- Name: blog_post_tags blog_post_tags_tag_id_0875c551_fk_blog_tag_id; Type: FK CONSTRAINT; Schema: public; Owner: ra
--

ALTER TABLE ONLY public.blog_post_tags
    ADD CONSTRAINT blog_post_tags_tag_id_0875c551_fk_blog_tag_id FOREIGN KEY (tag_id) REFERENCES public.blog_tag(id) DEFERRABLE INITIALLY DEFERRED;


--
-- Name: django_admin_log django_admin_log_content_type_id_c4bce8eb_fk_django_co; Type: FK CONSTRAINT; Schema: public; Owner: ra
--

ALTER TABLE ONLY public.django_admin_log
    ADD CONSTRAINT django_admin_log_content_type_id_c4bce8eb_fk_django_co FOREIGN KEY (content_type_id) REFERENCES public.django_content_type(id) DEFERRABLE INITIALLY DEFERRED;


--
-- Name: django_admin_log django_admin_log_user_id_c564eba6_fk_auth_user_id; Type: FK CONSTRAINT; Schema: public; Owner: ra
--

ALTER TABLE ONLY public.django_admin_log
    ADD CONSTRAINT django_admin_log_user_id_c564eba6_fk_auth_user_id FOREIGN KEY (user_id) REFERENCES public.auth_user(id) DEFERRABLE INITIALLY DEFERRED;


--
-- Name: SCHEMA public; Type: ACL; Schema: -; Owner: pg_database_owner
--

GRANT ALL ON SCHEMA public TO ra;


--
-- PostgreSQL database dump complete
--

